user_id,nombre,apellido,email,sexo,fecha_nacimiento,pais
7d4532c4-7a9a-491e-a4f2-5c3d2eaa9e8a,Gabriela,Acosta,g.acosta@test.ej,F,1979-03-24,México
d8b4a28c-6bc5-4751-9e97-0327f3fd56dc,Camila,Alonso,camila.a@test.ej,F,1991-02-01,Perú
7017c92d-b6d1-410f-8921-e974e6bc2cab,Ramón,Benítez,r.benitez@test.ej,M,1964-11-30,Chile
f3aca33e-2172-41e6-9a68-5b3434a95c5c,Yael,Campos,yaelcampos@test.ej,X,1989-03-06,Cuba
d1fd1542-dcff-4efe-b94e-e7dc7040ea19,Andrés,Cano,andres.cano@test.ej,M,1989-11-15,España
b1a85c99-6937-421b-8b96-6b5002178c62,Valentina,Cano,v.cano@test.ej,F,1963-03-26,Perú
a1acf1c5-a60d-4c20-bb4f-a7906c5130a3,Ricardo,Castro,ricardo.castro@test.ej,M,1985-02-07,Chile
e13098f5-7feb-476c-a9c2-5f0035da312f,Andrea,Cordero,cordero.andrea@test.ej,F,1968-05-13,Uruguay
16c2bd69-b3f3-42ba-a2c3-58566ff888b1,Roberto,Cordero,roberto.cordero@test.ej,M,1979-10-06,España
a143807e-768b-4287-9553-dc0bca847b33,Pablo,Cortés,pablocortes@test.ej,M,1987-11-12,Venezuela
4af0442b-e445-4558-b742-580e671c4e5d,Valentina,Cruz,valentina.cruz@test.ej,F,1965-10-28,Argentina
3d6e2e66-72c9-478d-b37a-e59da4f9daae,Alejandra,Delgado,alejandradelgado@test.ej,F,2004-05-10,México
0799d525-4776-47eb-b415-bd82a5e7576c,Catalina,Delgado,catalina.d@test.ej,F,1996-05-25,Perú
2d948b61-43a5-4438-82bc-2c2f44b22a21,Adrián,Domínguez,a.dominguez@test.ej,M,1999-02-06,Bolivia
f6a37a70-aacd-4401-a11c-ca922a008fbd,Luis,Domínguez,dominguez.luis@test.ej,M,2001-07-04,Perú
19b1c778-e17a-4fd5-abcb-54588a156d13,Isabel,Fernández,ifernandez@test.ej,F,2003-05-18,México
dd4c7f61-95f2-4d09-8acd-62e313650d3a,Nico,Fernández,nico.fernandez@test.ej,X,1985-07-11,Perú
8c7a5dab-9f3a-4542-ae87-df4a231647d0,Renata,Fernández,r.fernandez@test.ej,F,1982-03-30,Perú
05fd9958-c867-4b2c-9827-4c161863a4bd,Diana,Ferrer,ferrer.diana@test.ej,F,2000-07-22,Argentina
d7ccbcc5-e2dd-42b8-967d-45597a3da8f5,Renata,Ferrer,r.ferrer@test.ej,F,1993-12-06,Argentina
656ee254-0ddd-4d6b-9d6a-58016e965516,Rodrigo,Figueroa,rodrigo.figueroa@test.ej,M,1961-01-23,Colombia
2597cb6d-5c06-4794-aaea-c852c5e320a3,Álex,Flores,a.flores@test.ej,X,1992-09-16,Colombia
c746442a-4666-4b97-8eb8-ef3dcb2330b7,Enrique,Flores,enrique_flores@test.ej,M,1983-03-28,México
0c900b9f-f3fd-474a-98c3-c91fa472f80c,Diana,Fuentes,dianafuentes@test.ej,F,1965-07-18,Chile
402ba563-85b7-4247-834a-1a56110a6a0a,Iván,Fuentes,ivan.fuentes@test.ej,M,1983-08-26,Ecuador
1a42cfe2-5217-45c1-befd-15d74e22d446,Ximena,Fuentes,x.fuentes@test.ej,F,1971-06-01,Colombia
877d5d0e-6d75-483f-aa0e-3deb481620d9,Lucía,García,l.garcia@test.ej,F,1986-04-25,Argentina
920142fb-ba55-4fa9-8752-e3ebafce7a4c,Rosa,García,rosa.garcia@test.ej,F,1973-03-06,Chile
93835848-649d-423e-b158-cb19b00215ec,Arturo,Gil,a.gil@test.ej,M,1965-02-14,Uruguay
772d3bce-af7f-49b1-9a31-969c9fafacb8,Diego,Gil,d.gil@test.ej,M,1967-10-11,Nicaragua
5cd27e12-756d-4c84-bb2c-5915f83fcd8a,Hugo,Gil,gil.hugo@test.ej,M,1984-10-13,España
311aa9c3-2789-446d-ae5b-31a3ef66c76f,Silvia,Gómez,silvia.gomez@test.ej,F,1980-12-22,España
19fa0b6b-c6ec-4cde-8817-21084890f856,Camila,González,cgonzalez@test.ej,F,1969-11-18,Colombia
c0022132-5f15-4c68-a880-de79bf9da453,Marta,González,m.gonzalez@test.ej,F,2000-02-09,Costa Rica
c9969596-c1eb-4185-9195-c131123c9c68,Elena,Guerrero,elena_guerrero@test.ej,F,1970-02-14,México
40d7aa9a-d846-42fa-a710-868b31193010,Emma,Guerrero,emmaguerrero@test.ej,F,1963-10-06,Guatemala
c3d3ae5f-aeab-4ce5-b8af-c147f3e5ede1,Cristina,Gutiérrez,cristina.g@test.ej,F,2004-12-20,Panamá
7afd8af0-773b-4541-8f76-4367d681ae73,Elena,Gutiérrez,elena.gutierrez@test.ej,F,1970-03-15,México
f43f4832-2548-4df7-881b-338c826472b5,Florencia,Ibarra,ibarra.florencia@test.ej,F,1996-05-05,Colombia
c37f4187-b506-4760-9016-e9c010ab07c4,Martín,Ibarra,martin.i@test.ej,M,1980-08-06,Nicaragua
329376c6-c871-4a95-9978-b5a1e9883390,Sergio,Ibarra,sergio.ibarra@test.ej,M,2003-03-12,España
e3743534-28f8-43e8-8dab-c040431f5aa5,Gabriela,Jiménez,gjimenez@test.ej,F,1966-02-16,Chile
8979ebb7-4ede-4f93-9942-39f83ca2e77b,Mateo,Jiménez,mateojimenez@test.ej,M,1973-09-16,Argentina
8e52483f-14fc-4dfb-a29d-59207f4dd183,Gonzalo,León,g.leon@test.ej,M,1977-03-22,Honduras
b48a6860-b0d7-441d-8f3d-80587b462fb5,Natalia,León,natalia_leon@test.ej,F,1963-01-01,Venezuela
d60f3b1f-c5ca-431f-8849-d8d9381466ed,Cristina,López,c.lopez@test.ej,F,1983-03-17,República Dominicana
3c29f7b1-8de9-405b-8128-d68765ac71db,Diana,López,diana.lopez@test.ej,F,2004-11-02,España
d1c1a4c1-7a29-40b5-b318-15a4288c45d7,Hugo,Marín,hugo.marin@test.ej,M,1980-03-07,República Dominicana
d8cefa33-2f43-417c-9a39-a391082d2fe8,Iván,Marín,imarin@test.ej,M,1964-09-28,España
b311f0e3-2dca-4c0b-84ba-3fe16827c16d,Pilar,Marín,p.marin@test.ej,F,1972-09-20,México
eecb29b6-5d6f-49e5-bc75-0d3c9195cbe9,Sofía,Marín,sofia.marin@test.ej,F,1990-10-26,México
4d57fc44-1a7e-425e-a4d3-b2b6af57bd3e,Jorge,Martín,jorgemartin@test.ej,M,1984-01-23,Colombia
03d7e9e1-eacc-4d66-ae96-d9d687b239f6,Diana,Martínez,d.martinez@test.ej,F,1965-11-08,España
6951f87d-625b-4b1e-8d63-185c60cb27f3,Emma,Martínez,emma_martinez@test.ej,F,2004-09-22,México
4c7cf6e7-94ec-4ff1-abc6-f227db3735c0,Adrián,Medina,a.medina@test.ej,M,2002-04-11,Paraguay
ccae7f3b-ad10-4dcf-bff8-7e472360df15,Ana,Méndez,anamendez@test.ej,F,1988-03-21,Ecuador
d42a9d3f-4b21-4c22-aa6c-4c2c93f708fa,Noelia,Mendoza,nmendoza@test.ej,F,1979-03-04,Puerto Rico
fa4c6239-c260-43f9-9632-827ce66bbbf2,Fernando,Miranda,f.miranda@test.ej,M,1996-03-21,El Salvador
ffc0d3da-d52c-4bf3-8afc-1dbde6ea197c,Tomás,Miranda,t.miranda@test.ej,M,1963-12-15,México
8d69e5b7-a9f8-48b5-89a1-e8040f1cc696,Adrián,Molina,a.molina@test.ej,M,2001-06-24,Ecuador
efc32fa0-f6b1-452b-8a10-b2bbe1f5b368,Dani,Molina,dani.molina@test.ej,X,1974-09-23,Argentina
b7a8bef9-4590-4106-9a9d-f77e031e25e6,Cris,Montoya,cris.montoya@test.ej,X,1972-11-09,Colombia
6e39be4f-6341-411d-acb5-43a4bee78154,Adrián,Moreno,a.moreno@test.ej,M,1967-04-06,Colombia
884338bc-962f-404f-bf66-67dff7589206,Cristian,Moreno,cristianmoreno@test.ej,M,1985-08-06,México
2b0c3277-bdc0-4fd6-98d7-8b873c8c2d82,Arturo,Navarro,navarro.arturo@test.ej,M,1976-09-28,Argentina
4469d183-3645-4dd1-a708-42e2d91264ea,Marta,Navarro,m.navarro@test.ej,F,1996-03-19,Guatemala
ffba57d9-c1a8-4830-a9d0-ce91c63999a7,Guillermo,Núñez,guillermo.nunez@test.ej,M,1999-01-03,Argentina
9e490dc8-39a7-4114-9022-6748157b4da2,Daniela,Ortega,d.ortega@test.ej,F,1987-08-28,Chile
b89773ab-51d6-4f1d-b60e-3df4ef6661e0,Gabriel,Ortega,gabriel.ortega@test.ej,M,1970-04-21,Venezuela
54eb048a-47e0-4c63-bb89-73fedf218372,Iván,Ortega,ivan.ortega@test.ej,M,2001-03-01,México
a87c91a0-c91f-4f82-b75c-dde27f5403c3,Laura,Ortega,laura.ortega@test.ej,F,1998-09-18,Perú
728a1af4-9548-4126-9df3-ba332fc2c50f,Tomás,Ortega,tomas.ortega@test.ej,M,1961-07-02,Colombia
dc46e393-c033-472e-87f4-bac60dee26ad,Rafael,Ortiz,rafaelortiz@test.ej,M,2002-12-29,Colombia
66d081ad-f261-4b22-8be5-de010f2ab8bd,Carmen,Paredes,carmen.p@test.ej,F,1983-01-17,Panamá
e13d3f2f-6248-4df7-b06a-971e53dba739,Dani,Paredes,paredes.dani@test.ej,X,1960-12-12,Argentina
2167613c-af97-486b-b4d5-643b6d8013b2,Ignacio,Pérez,i.perez@test.ej,M,1992-09-19,Colombia
4e3940a4-e9b4-4682-8072-20afee07a903,Luis,Pérez,perez.luis@test.ej,M,1991-09-16,Costa Rica
a3cadd52-c5ab-4a4a-a8a7-564554966796,Pablo,Pérez,pperez@test.ej,M,1964-11-16,Uruguay
d5e24324-40fb-487c-b7ea-2930989a5d2e,Tomás,Reyes,tomas.reyes@test.ej,M,1964-06-21,Argentina
ffefc547-c733-47d5-b190-bc53fefe1cd1,Carmen,Rivas,carmen_rivas@test.ej,F,1975-07-15,España
f8b1cf1f-bbc5-46a1-bcfa-c7d11f8c6d9d,Gloria,Rivas,g.rivas@test.ej,F,1987-05-22,México
a6932346-bf77-4cee-95c3-e54bfbf48f58,Lucía,Rivas,rivas.lucia@test.ej,F,1994-11-05,Ecuador
e02b30f2-33ae-4140-88a8-6bffc2e1c601,Alicia,Rojas,alicia.rojas@test.ej,F,1998-12-01,Cuba
978a54b1-27b7-4ef1-a634-6d56baf56ad7,Carlos,Rojas,carlos.r@test.ej,M,1981-05-12,Bolivia
26d378f7-efec-4556-86dd-3ca18cc7e3e1,Natalia,Rojas,nrojas@test.ej,F,2003-02-01,México
e6c36410-b898-44c0-b1e5-d82d9b588f0e,Roberto,Rojas,rojas.roberto@test.ej,M,1964-09-19,Bolivia
ea81e51f-27c2-43b8-89e2-6866ff224d44,Carlos,Romero,romero.carlos@test.ej,M,1989-02-13,México
ddff9b27-ab1b-429a-994d-a670dcb247b5,Pablo,Salazar,pablo.salazar@test.ej,M,1982-07-13,Chile
d2950b34-6e4e-49dd-afd0-15643b96f41b,Isabel,Sánchez,isabel.sanchez@test.ej,F,1993-07-29,México
de552faa-0ca6-46e1-8de2-4368c9962cb5,Rafael,Sánchez,r.sanchez@test.ej,M,1978-08-04,Puerto Rico
2a4f061f-e5e9-4fce-9379-13429b4fc697,Gabriel,Sanz,gsanz@test.ej,M,1976-06-02,España
859d1a9c-e215-4f32-8377-c140f9066645,Tomás,Sanz,tomas.sanz@test.ej,M,1980-07-01,España
af343197-013b-4f6c-a575-909a8ba76c68,Nicolás,Serrano,nicolas.serrano@test.ej,M,1986-02-17,Venezuela
9558ca25-6ed4-42e4-bee5-561fb59cfa27,Paula,Serrano,p.serrano@test.ej,F,1961-01-25,Paraguay
8efc33cf-e2b3-483b-9c0c-f93e6af7b45f,Sebastián,Serrano,sebastian_serrano@test.ej,M,1963-10-12,Honduras
73bfa4af-56fe-4e06-aa47-cfa839d82a73,Adrián,Silva,adrian.silva@test.ej,M,1981-03-16,España
ec2e1d07-cb98-4437-9b13-75c54de21ca6,Catalina,Silva,catalina_silva@test.ej,F,1990-02-11,El Salvador
4c6f735f-d438-4964-a54d-24a8880b1a8e,Alejandra,Suárez,alejandra.suarez@test.ej,F,1997-03-18,Argentina
cb2710ff-62ef-4113-a33c-1313d3988c84,Cristina,Valdez,cristina_valdez@test.ej,F,1987-01-14,Venezuela
2142d8ec-af74-4f2e-b9d9-85c09f0b9994,Pablo,Vega,vega.pablo@test.ej,M,1976-05-25,Guatemala