user_id,categoria_favorita,recibe_promociones
7d4532c4-7a9a-491e-a4f2-5c3d2eaa9e8a,general,True
d8b4a28c-6bc5-4751-9e97-0327f3fd56dc,general,False
7017c92d-b6d1-410f-8921-e974e6bc2cab,technology,True
f3aca33e-2172-41e6-9a68-5b3434a95c5c,health,False
d1fd1542-dcff-4efe-b94e-e7dc7040ea19,entertainment,True
b1a85c99-6937-421b-8b96-6b5002178c62,technology,True
a1acf1c5-a60d-4c20-bb4f-a7906c5130a3,science,True
e13098f5-7feb-476c-a9c2-5f0035da312f,science,True
16c2bd69-b3f3-42ba-a2c3-58566ff888b1,health,True
a143807e-768b-4287-9553-dc0bca847b33,business,False
4af0442b-e445-4558-b742-580e671c4e5d,entertainment,True
3d6e2e66-72c9-478d-b37a-e59da4f9daae,technology,False
0799d525-4776-47eb-b415-bd82a5e7576c,general,True
2d948b61-43a5-4438-82bc-2c2f44b22a21,sports,True
f6a37a70-aacd-4401-a11c-ca922a008fbd,science,False
19b1c778-e17a-4fd5-abcb-54588a156d13,science,False
dd4c7f61-95f2-4d09-8acd-62e313650d3a,science,False
8c7a5dab-9f3a-4542-ae87-df4a231647d0,science,True
05fd9958-c867-4b2c-9827-4c161863a4bd,sports,False
d7ccbcc5-e2dd-42b8-967d-45597a3da8f5,business,False
656ee254-0ddd-4d6b-9d6a-58016e965516,science,False
2597cb6d-5c06-4794-aaea-c852c5e320a3,technology,True
c746442a-4666-4b97-8eb8-ef3dcb2330b7,technology,False
0c900b9f-f3fd-474a-98c3-c91fa472f80c,entertainment,True
402ba563-85b7-4247-834a-1a56110a6a0a,sports,False
1a42cfe2-5217-45c1-befd-15d74e22d446,sports,False
877d5d0e-6d75-483f-aa0e-3deb481620d9,science,True
920142fb-ba55-4fa9-8752-e3ebafce7a4c,health,True
93835848-649d-423e-b158-cb19b00215ec,entertainment,False
772d3bce-af7f-49b1-9a31-969c9fafacb8,sports,True
5cd27e12-756d-4c84-bb2c-5915f83fcd8a,science,False
311aa9c3-2789-446d-ae5b-31a3ef66c76f,entertainment,True
19fa0b6b-c6ec-4cde-8817-21084890f856,entertainment,True
c0022132-5f15-4c68-a880-de79bf9da453,technology,False
c9969596-c1eb-4185-9195-c131123c9c68,general,False
40d7aa9a-d846-42fa-a710-868b31193010,technology,True
c3d3ae5f-aeab-4ce5-b8af-c147f3e5ede1,science,False
7afd8af0-773b-4541-8f76-4367d681ae73,science,False
f43f4832-2548-4df7-881b-338c826472b5,science,True
c37f4187-b506-4760-9016-e9c010ab07c4,technology,True
329376c6-c871-4a95-9978-b5a1e9883390,technology,False
e3743534-28f8-43e8-8dab-c040431f5aa5,business,False
8979ebb7-4ede-4f93-9942-39f83ca2e77b,technology,False
8e52483f-14fc-4dfb-a29d-59207f4dd183,science,False
b48a6860-b0d7-441d-8f3d-80587b462fb5,business,True
d60f3b1f-c5ca-431f-8849-d8d9381466ed,science,True
3c29f7b1-8de9-405b-8128-d68765ac71db,science,True
d1c1a4c1-7a29-40b5-b318-15a4288c45d7,business,False
d8cefa33-2f43-417c-9a39-a391082d2fe8,general,True
b311f0e3-2dca-4c0b-84ba-3fe16827c16d,health,False
eecb29b6-5d6f-49e5-bc75-0d3c9195cbe9,general,False
4d57fc44-1a7e-425e-a4d3-b2b6af57bd3e,business,False
03d7e9e1-eacc-4d66-ae96-d9d687b239f6,entertainment,False
6951f87d-625b-4b1e-8d63-185c60cb27f3,science,False
4c7cf6e7-94ec-4ff1-abc6-f227db3735c0,entertainment,False
ccae7f3b-ad10-4dcf-bff8-7e472360df15,sports,False
d42a9d3f-4b21-4c22-aa6c-4c2c93f708fa,science,True
fa4c6239-c260-43f9-9632-827ce66bbbf2,technology,False
ffc0d3da-d52c-4bf3-8afc-1dbde6ea197c,technology,True
8d69e5b7-a9f8-48b5-89a1-e8040f1cc696,business,False
efc32fa0-f6b1-452b-8a10-b2bbe1f5b368,general,True
b7a8bef9-4590-4106-9a9d-f77e031e25e6,entertainment,True
6e39be4f-6341-411d-acb5-43a4bee78154,technology,False
884338bc-962f-404f-bf66-67dff7589206,sports,True
2b0c3277-bdc0-4fd6-98d7-8b873c8c2d82,science,True
4469d183-3645-4dd1-a708-42e2d91264ea,general,False
ffba57d9-c1a8-4830-a9d0-ce91c63999a7,science,True
9e490dc8-39a7-4114-9022-6748157b4da2,science,False
b89773ab-51d6-4f1d-b60e-3df4ef6661e0,science,True
54eb048a-47e0-4c63-bb89-73fedf218372,science,False
a87c91a0-c91f-4f82-b75c-dde27f5403c3,health,False
728a1af4-9548-4126-9df3-ba332fc2c50f,entertainment,True
dc46e393-c033-472e-87f4-bac60dee26ad,technology,False
66d081ad-f261-4b22-8be5-de010f2ab8bd,business,True
e13d3f2f-6248-4df7-b06a-971e53dba739,health,True
2167613c-af97-486b-b4d5-643b6d8013b2,entertainment,False
4e3940a4-e9b4-4682-8072-20afee07a903,health,True
a3cadd52-c5ab-4a4a-a8a7-564554966796,sports,True
d5e24324-40fb-487c-b7ea-2930989a5d2e,technology,False
ffefc547-c733-47d5-b190-bc53fefe1cd1,entertainment,True
f8b1cf1f-bbc5-46a1-bcfa-c7d11f8c6d9d,entertainment,True
a6932346-bf77-4cee-95c3-e54bfbf48f58,sports,True
e02b30f2-33ae-4140-88a8-6bffc2e1c601,general,True
978a54b1-27b7-4ef1-a634-6d56baf56ad7,health,False
26d378f7-efec-4556-86dd-3ca18cc7e3e1,science,False
e6c36410-b898-44c0-b1e5-d82d9b588f0e,general,True
ea81e51f-27c2-43b8-89e2-6866ff224d44,entertainment,True
ddff9b27-ab1b-429a-994d-a670dcb247b5,science,True
d2950b34-6e4e-49dd-afd0-15643b96f41b,technology,False
de552faa-0ca6-46e1-8de2-4368c9962cb5,science,False
2a4f061f-e5e9-4fce-9379-13429b4fc697,general,True
859d1a9c-e215-4f32-8377-c140f9066645,sports,True
af343197-013b-4f6c-a575-909a8ba76c68,entertainment,True
9558ca25-6ed4-42e4-bee5-561fb59cfa27,entertainment,False
8efc33cf-e2b3-483b-9c0c-f93e6af7b45f,business,False
73bfa4af-56fe-4e06-aa47-cfa839d82a73,science,True
ec2e1d07-cb98-4437-9b13-75c54de21ca6,health,False
4c6f735f-d438-4964-a54d-24a8880b1a8e,technology,False
cb2710ff-62ef-4113-a33c-1313d3988c84,business,False
2142d8ec-af74-4f2e-b9d9-85c09f0b9994,entertainment,False